codvuz;rnw;f1;z2;f6;f10;f2;f7;f18
1;11;П;;Хомутов О.И.;27.35.43,20.23.25;Экологическое моделирование и создание информационно-графических систем поддержки принятия экологических решений.;к.ф.-м.н., проф.;687360
1;18;Ф;;Пятковский О.И..;"34.31.15;34.31.37";Субклеточные и молекулярные механизмы фенотипической устойчивости растений.;проф., д.б.н.;960000
1;19;Ф;;Старостенков М.Д.;02.15.51;Проблема взаимосвязи русской и западноевропейской философских традиций в XX веке.;д.ф.н., проф.;633180
1;22;П;;Меренцова.Г.С.;67.17.31;Исследование аэродинамических параметров противоточных струйных мельниц замкнутого цикла, с целью оптимизации конструктивных элементов транспортировки и сепарации продуктов измельчения.;д.т.н., проф.;720000
1;31;Ф;;Замятин В.И.;03.61.91;Хозяйство древних финно-угров Поволжья;д.и.н.,профессор;853920
1;34;Ф;;Жмудяк Л.М.;31.21.27;Методы синтеза линейных и конденсированных гетероциклических систем;д.х.н.,профессор;1320000
2;1;Ф;;Миронов В.Л.;28.17.31,28.23.15;Исследование геометрических вопросов проблемы искусственного интеллекта.;доц., к.т.н.;780000
2;2;Ф;;Кайгородова Н.З.;03.09.2023;История Волго-Уральского региона в эпоху раннего железного века;з.к. проф. дин;843000
3;1;П;;Кривдин Л.Б.;67.09.31;Гипсовые и магнезиальные вяжущие и материалы повышенной прочности и водостойкости;дтн,профессор;1048980
4;54;П;;Сабуров Э.Н.;31.25.15;Технология контролируемого выделения химически и биологически активных веществ.;заф.каф.,проф.;693600
4;55;Ф;;Сабуров Э.Н.;55.19.05;Исследование неустойчивости процессов контактных упругопластических деформаций и стружкообразования при резании металлов;к.т.н.;605880
6;1;П;;Смирнов В.В.;52.13.19;Повышение эффективности отработки запасов руд за контурами карьеров на основе гидромеханизации производственных процессов.;д.т.н., проф.;1200000
6;2;Ф;;Сизов А.М.;31.15.15;Экспериментальные и теоретические исследования структуры,ядерной динамики и энергетики молекул,радикалов и ионов неорганических соединений.;проф.,д.х.н.;720000
6;3;Ф;;Мозелов А.П.;29.19.04;Капилярное формирование нитевидных кристаллов;дфмн, профессор;786000
6;4;Ф;;Кузьмин И.С.;03.09.1955;Социальные аспекты исторического опыта экономических реформ России;дэн, профессор;660000
6;5;Ф;;Шаров С.Н.;59.14.29,27.37.17;Разpаботка методов и алгоpитмов упpавления эволюцией множества состояний сложных технических систем с пpиложением к задаче пеpехвата опасных космических об`ектов;д.т.н.,пpоф.;660000
6;6;Ф;;Ржевкин В.А.;61.13.21;Моделирование и оптимизация гибких многопродуктивных реактивных систем непрерывного типа.;проф.,к.т.н.;677160
6;7;Ф;;Мишин А.М.;"38.49.17;38.19.19";Глубинные рудоконтролирующие структуры рудных систем в Восточной Сибири и тектонический режим их формирования.;з/каф,проф,дг-м.н;954240
6;8;Ф;;Кефели И.Ф.;29.19.11;Электрические свойства полупроводников с объемнораспределенными включениями второй фазы;в.н.с.,дфмн;605400
6;9;Ф;;Верхолат А.М.;61.13.21;Изучение связи механизма pеакции окисления углеводоpодов и дp.субстpатов с селективностью в пpоцессе;пpоф.,д.х.н.;840000
6;10;Ф;;Белов А.В.;55.47.03;Физическое и теоpетическое моделиpование взаимодействия несущих повеpхностей, их систем и тел со стpуями с экpаниpующей повеpхностью;к.т.н.,доц.;900000
6;11;Ф;;Водопьянов М.Я.;38.17.15;Расчленение и корреляция метаморфических толщ с использованием типоморфных особенностей акцессорного циркона.;к.г.-м.н., доцент;780000
6;12;Ф;;Андреев А.Г.;53.37.31,53.37.35;Разработка теоретических основ и ресурсосберегающих экологически безопасных осадительно-дистилляционных процессов извлечения цветных металлов из аммиачно-карбонатных растворов;д.т.н., профессор;1200000
6;14;Ф;;Туманов Ю.А.;29.19.33;Физические свойства неполностью упорядоченных диэлектриков;дфмн, профессор;1248600
6;15;П;;Борейшо А.С.;50.43.15;Разработка методик и аппаратуры для технической диагностики станочных автоматизированных систем.;д.т.н., профессор;1050000
6;16;Ф;;Сиротко В.А.;47.09.37;Исследование закономерностей формирования морфологии и субструктуры металлокерамических композиций с высокой удельной поверхностью проводящей фазы;доцент,к.Ф.-м.н.;870000
6;18;Ф;;Григорьев В.В.;50.43.15;Моделирование динамики синтеза полимеров в условиях вынужденных колебаний технологических параметров;дтн,профессор;900000
8;1;П;;Чихладзе Э.Д.;59.31.31;Теоретическое и экспериментальное исследование диффузионных электрохимических датчиков механических величин;к.х.н.,с.н.с.;804000
8;2;П;;Ивахнюк В.А.;66.15.17,68.47.85;Разработка эколого-сберегающих технологий лесосечных и лесохозяйственных работ, экологических требований к лесным машинам для предприятий лесного комплекса в лесостепной зоне России.;д.т.н.,пpоф.;924000
8;4;Ф;;Гончаров Ю.И.;76.29.61,77.13.25;Совершенствование методики физического воспитания студентов вузов на основе комплексного применения специальных тренажеров;к.п.н. доцент;804000
8;5;Ф;;Павленко В.И.;30.19.29;Исследование газоабразивной эрозии;к.т.н.доцент;1218000
8;6;П;;Константинов И.С.;15.41.35;Социально-политические процессы в вузах России;проф.,д.ф.н.;636000
8;7;Р;;Лесовик В.С.;44.41.31;Разработка автономного импульсного излучателя света большой мощности на основе МГД генератора с Т-слоем, работающем на продуктах детонации взрывчатых веществ;к.ф.-м.н., доцент;660000
8;8;П;;Дончак И.Д.;50.41.25;Методическое, информационное и программное обеспечение автоматизированных рабочих мест учебного назначения для обучения сетевым информационным технологиям.;к.т.н., с.н.с.;1380000
8;11;П;;Богданов В.С.;55.43.03;Параметрическая оптимизация перспективного легкового и малотонажного автомобиля по критериям управляемости и устойчивости.;проф., к.т.н.;1260000
8;12;П;;Рудычев А.А.;55.03.14;Исследование динамики оборудования подвижных объектов.;д.т.н.,проф.;720000
8;13;П;;Классен В.К.;"70.94.15;73.01.75";Проектирование и обеспечение эксплуатационной надежности морехозяйственных комплексов и их элементов.;д.т.н., проф.;930000
8;15;Ф;;Беседин П.В.;47.63.31;Светоизлучающие структуры на основе широкозонных полупроводников для полноцветных устройств отображения информации;зав.лаб.к.ф.-м.н.;720720
8;17;П;;Колчунов В.И.;53.07.05.;Исследование эффективности применения компактных высокотемпературных регенеративных теплообменников на нагревательных печах металлургического производства;к.т.н.доцент;1176000
8;18;Ф;;Рахимбаев Ш.М.;29.19.03;   Исследование структурно-энергетических превращений в конденсированных средах.Теория дефектов в многокомпанентных сверхструктурах сверхрешетках.;профессор.д.ф-м.н;804000
8;19;Ф;;Минько Н.И.;50.07.05;Разработка и исследование характеристик процессорных элементов систем обработки символьной информации;доц., к. т. н.;990000
8;21;П;;Уваров В.А.;34.33.27,34.35.17;Разработка методов для оперативного слежения за пространственно-временными перемещениями наземных позвоночных, изучение их территориальных связей в условиях Средней Сибири;к.б.н., доцент;1290000
8;22;Ф;;Коломацкий А.С.;31.25.15;Жидко-кристаллические волокнообразующие полимеры: физико-химия переработки в композиционные материалы.;проф.,д.х.н.;840000
8;23;П;;Минко В.А.;55.37.33;   Повышение КПД и мощности массовых бензиновых ДВС путем оригинального обеспечения отсутствия детонации.;доцент д.т.н.;705480
8;25;Ф;;Пелипенко Н.А.;53.07.05.;Исследование и разработка научных основ конструирования компактных высокотемпературных отапливаемых только доменным газом воздухонагревательных установок доменных печей;д.т.н.профессор;1048980
10;2;П;;Угрюмов Б.И.;52.01.85;Совершенствование тиристорного электропривода горных машин.;зав.каф.,доц.,ктн;762000
10;3;П;;Денисов С.В.;45.41.31;Разpаботка элементов теоpии нелинейных вентильно-электpомеханических систем и их пpактических пpиложений в области упpавления технологическим обоpудованием;к.т.н.,доцент;900000
12;1;П;;Сенющенков М.А.;55.59.29;Разработка методики проектирования и конструкций механизмов раскладки с рассеивающими устройствами.;д.т.н., проф.;1352880
12;4;Ф;;Кишенков Ф.В.;68.47.15,68.47.31;Изучение реакции лесных экосистем при изменении гидрологического режима в системе экологического мониторинга.;д.с-х.н., проф.;1398000
12;5;П;;Симонов А.С.;65.63.91,65.63.35;Разработка технологического процесса производства белково-минерально-витаминной добавки для обогащения лечебно-профилактических продуктов для детей,проживающих в экологически неблагоприятных регионах;доцент,к.т.н.;840000
12;7;Р;;Тихонов А.С.;12.41.31;Экспертиза НИР, заявленных для включения в тематический план академии.;доцент,ктн;825000
12;8;Ф;;Памфилов Е.А.;30.19.15;Разработка единых определяющих уравнений состояния идеально-упругого тела при конечных деформациях.;д.т.н., проф.;726000
14;48;Ф;;Скрипкин А.С.;52.01.75,52.01.85;Научное обоснование и разработка теории и методов геоконтроля и геомониторинга на основе принципов акустической спектроскопии и эффектов нелинейной акустики.;д.т.н.,проф.;900000
14;50;Ф;;Аникеев Б.В.;27.41.15;Разработка математического обеспечения решения задач многокритериальной оптимизации элементов машиностроительных конструкций;д.ф.-м.н., проф.;858000
16;1;П;;Духнич Е.И.;"87.19.15;87.19.81";Создать и освоить прогрессивные системы рационального использования воды для питьевых и технических целей и предотвращения загрязнения водоёмов.;ректор,чл-кор.РАН;900000
16;2;Р;;Брызгалин Г.И.;55.59.29;Создание кольцевой ровничной машины для получения льняной ровницы.;доц., к.т.н.;900000
16;3;Ф;;Бабушкин М.Н.;50.43.17;Разработка теоретических основ и методики создания интегрированных АСУ в производстве строительных материалов и конструкций.;к.т.н., доц.;831540
16;5;П;;Муха Ю.П.;66.35.33;Исследование технологических режимов получения клееных древесных материалов на основе применения фурановых смол.;проф., д.т.н.;720000
16;6;Ф;;Мохов А.И.;28.17.19,50.51.15;Теоpметические методы описания массоотеплопеpеноса в двухфазных многокомпонентных системах,оптимальное пpоектиpование и pеконстpукция аппаpатов pазделения в пpомышленной химии;пpоф.,д.т.н.;696000
16;8;П;;Рахимов А.И.;64.01.84 64.01.94;Комплексное использование вторичных энергоресурсов (ВЭР) с применением тепловых насосов и утилизаторов тепла.;к.т.н., доц.;983460
16;12;Ф;;Новаков И.А.;61.59.29,61.61.09;Регулиpование стpуктуpной оpганизации полимеpов акpилового и олефинового pядов и их композиции;пpоф.,д.т.н.;1080000
16;14;Ф;;Козлов А.А.;38.21.17;Региональные геологические системы юга Сибири и сопредельных территорий Центральной Азии.;з/каф.,проф., дтн;1320000
17;101;Ф;;Дажин В.Г.;67.01.81;Разpаботка экспpесс-метода и пpогpаммно-технических сpедств для диагностики пpочности стpоительных сооpужений;доцент,к.т.н.;885360
17;112;П;;Водовозов А.М.;52.13.27;Обоснование рациональных направлений повторного использования городских подземных сооружений неглубокого заложения.;д.т.н.,проф.;888000
17;113;Ф;;Соколов Л.И.;"65.01.94;65.13.19";Разработка энерго-и ресурсосберегающей технологии в тепло- и массообменных процессах при переработке растительного и животного сырья в перерабатывающих отраслях Агропромышленного комплекса;д.т.н.,профессор;840000
17;117;Ф;;Шичков А.H.;50.51.17;"Разработка и внедрение в учебный процесс программно-методического комплекса ""Физические эффекты в нанотехнологиях"".";вед.н.с., к.т.н.;864600
18;A01;Ф;;Кишенков Ф.В.;06.61.33,39.21.21;Теория и практика регионального развития в условиях рыночных отношений. (&53);д.г.н.,проф.;792000
18;A02;П;;Зорников И.Н.;66.29.21;Теоретические основы технологии переработки древесины , загрязненной радионуклидами.;к.т.н., проф.;666000
18;A04;Ф;;Погореленко Г.М.;64.29.21;Разработка методов и средств математического моделирования процессов функционирования механизмов текстильных машин с учетом случайного характера полезных нагрузок.;проф., д.т.н.;900000
18;A05;П;;Рахманин В.С.;45.29.33;   Исследование надежности электрооборудования и разработка энергосберегающих.экологически чистых технологий его восстановления.;профессор.д.т.н.;780000
18;B06;Р;;Манаков Н.Л.;29.33.17;"Разработка и исследование высокоэффективных ламп накачки для твердотельных лазеров. (""КОАКСИАЛ)";доцент дф-мн;1002000
18;B08;П;;Чуриков Н.К.;64.29.14,64.29.21;Разработка методов проектирования тканей сложных переплетений.;к.т.н., доц.;792000
18;B12;Ф;;Шапошник В.А.;50.07.03;Разработка методов оптимального структурного синтеза больших измерительно-вычислительных систем;д.т.н., проф.;1362000
18;C21;Ф;;Шаршов И.С.;66.29.03,66.31.17;Исследование процессов разрушения древесины при волновом воздействии;к.т.н.,доцент;1212000
18;C22;Ф;;Вахтель В.М.;34.35.51,34.33.33;Мониторинг гидробиологического режима и состояния экосистем крупных водных объектов бассейна Енисея, нарушенных хозяйственной деятельностью (на примере Красноярского водохранилища).;к.б.н., проф.;696000
19;001D;П;;Авдеев В.П.;52.13.27;Разработать рекомендациипо оценке пригодности участков недр для строительства подземных объектов в городах;к.т.н.,доц.;844260
20;2;Ф;;Успенский В.В.;06.35.35,06.35.51;Методолгические основы рыночной эконометрии анклавного региона. (&53);к.т.н.,снс.;1260000
21;К-01;Ф;;Подвальный С.Л.;47.13.23,47.13.17;Автоматизация управления надежностными, физико-механическими и электрическими параметрами межсоединений интегрированной микроэлектронной аппаратуры;проф., д. т. н.;720000
21;К-02;П;;Ярославцев Н.П.;52.01.91,52.01.94;Создание теории,экспериментальное обоснование и разработка высокоинтенсивных акустических технологий для повышения эффективности и качества жидкофазных процессов в горном производстве;к.т.н.,доц.;720000
21;К-04;Ф;;Спирин А.И.;15.41.39,15.41.47;Психологическая совместимость в команде управленцев предприятия;д.психол.н.,проф.;945000
21;К-06;Ф;;Бурова С.В.;81.81.07;Разработка методов определения ресурса нефтегазового оборудования и сооружений, эксплуатирующихся в условиях воздействия коррозионно и экологически опасных сред.;зав.каф.,дтн.проф;1048980
21;П-21;Ф;;Белоногов Е.К.;55.01.81 55.13.01;Исследование фазовых переходов в металлах и сплавах акустическими методами.;д.т.н., профессор;840000
21;П-22;П;;Боровиков В.И.;44.29.29;Перспективные методы и технические средства контроля изоляции маслонаполненного электрооборудования;с.н.с., к.т.н.;900000
21;П-23;П;;Львович Я.Е.;44.29.29,44.29.37;Разработка теоретических основ и исследование режимов в электросетях с коммутационной и ограничительной аппаратурой на основе новых силовых полупроводниковых и оксидно-цинковых структур;к.т.н.,доцент;660000
21;П-25;Ф;;Гриднев С.А.;"37.01.94;87.03.17";Разработка теоретических основ прогнозирования устойчивости экосистем верхней части геологического разреза (ВЧР).;з/каф,проф,дг-м.н;660000
21;П-27;Ф;;Спирин А.И.;55.59.29;Анализ и синтез валковых механизмов текстильного отделочного оборудования.;проф., д.т.н.;1322700
21;П-28;Ф;;Щетинин А.А.;65.09.05;Совершенствование процесса очистки зерна от примесей с целью улучшения условий хранения сырья и повышения пищевой ценности готовых продуктов.;к.т.н., доц.;780000
22;301;Ф;;Кретов И.Т.;31.17.15;Исследование молибдатных и вольфраматных водно-солевых систем с целью разработки рациональных технологических способов переработки молибдошеелитового концентрата.;к.х.н.,доцент;720000
22;302;Ф;;Битюков В.К.;87.51.15;Люминесцентные методы оперативного мониторинга фототрофного звена экосистем.;д.б.н., проф.;660000
22;303;П;;Громковский А.И.;64.29.23,64.29.99;Изучение закономерностей процессов эмульгирования и разработка технологии применения безбензиновых композиций на основе кремнийорганических соединений (КОС) для печати текстильных материалов пигментами.;д.т.н., проф.;1200000
23;1;Р;;Балданов М.М.;66.19.91;Проблемы комплексного освоения древесины в лесосырьевых базах южной тайги (на примере Костромской области).;проф., к.т.н.;610680
23;2;Ф;;Шойнжуров Ц.Б.;29.19.21,29.19.31;Исследование роли приповерхностного изгиба зон в формировании спектров низкотемпературной люминесценции кристаллов А2В6 (CdS, CdSe);доцент, к.ф.-м.н.;840000
23;3;Ф;;Найханов В.В.;06.61.23,06.61.53;Проблемы формирования российского предпринимательства и рационального использования трудовых ресурсов при переходе к новым условиям хозяйствования.;проф., д.э.н.;1200000
23;5;П;;Артюнин А.И.;55.59.29;Малогабаритное оборудование для первичной переработки льна в условиях льнозаводов и крестьянских хозяйств.;проф., д.э.н.;900000
23;6;П;;Цыбикова Г.Ц.;64.33.13,64.33.14;Разработка рациональных конструкций швейных изделий и исследование технологических свойств материалов и одежды из них.;проф., к.т.н.;745020
23;7;П;;Думнов В.С.;34.31.05,34.31.15;Оптимизация методов ускоренного размножения и селекции амаранта в условиях интенсивной светокультуры.;д.б.н., проф.;810000
28;У01;Р;;Бочко Р.А.;55.59.29;Разработка устройств и технологических процессов для производства новых видов самокруточной пряжи.;доц., к.т.н.;1254000
28;У23;Ф;;Мищенко И.Т.;65.09.03;Разработать научные основы получения белковых композитов из пшеницы с заданными функциональными свойствами.;академик;1452000
28;У24;П;;Стеклов О.И.;64.01.75;Разработка путей совершенствов. деятельности текст. предпр. по повыш. конкурентоспособн. продукции, минимизации налоговых изъятий, улучшению взаимодейств. с коммерч. банками в усл. нестабильн. финанс. системы.;к.т.н., доц.;839700
28;У25;Ф;;Владимиров А.И.;31.21.29,61.45.35;Разpаботка теоpетических основ напpавленных пpоцессов синтеза и пpевpащения мышьяксодеpжащих соединений.Исследование свойств, pеакционной способности.Изыскание путей пpактического использования;доц.,к.х.н.;652920
28;У27;Ф;;Стрижов И.Н.;65.09.05;Биокатализ в переработке растительного сырья для получения витаминизированных масел повышенной пищевой ценности.;академик;924000
29;4;Ф;;Тышковский А.В.;52.47.15;Методические основы оценки экологической безопасности скважин как горнотехнических сооружений.;зав.каф.ак.РАЕН;720000
29;5;П;;Соколова Л.В.;"50.07.05;50.33.33";Способы, алгоритмы и структуры специализированных вычислительных устройств параллельной обработки потоков данных и их применение для задач машинной графики.;д.т.н., профессор;1080000
29;6;Ф;;Савельев А.Д.;38.59.21,87.23.31;Методическое обеспечение  и алгоритмизация расчетных гидрофизических характеристик потоков минерального сырья.;д.т.н., проф.;720000
29;10;Ф;;Райченко А.В.;29.27.43,29.27.49;Плазма газового разряда. Импульсные и стационарные объемные разряды повышенного давления.;д.ф.-м.н,акад.АТН;840000
33;45597;П;;Исуев А.Р.;64.29.99;Разработка теоретических основ создания полиэфируретановых композиций для малоусадочной отделки текстильных материалов.;д.т.н., проф.;840000
33;45627;Ф;;Омаров О.А.;52.45.15;Разработка методов прогноза и организации селективной дезинтеграции руд в процессах рудоподготовки;д.т.н.,проф.;660000
34;1;П;;Аминов М.С.;53.01.81,53.39.29;Разpаботка технологии высокоэффективных пpоцессов обpаботки металлов и их экономическое обоснование;д.т.н.,пpофессоp;840000
35;41640;Ф;;Горбачев К.П.;50.03.07,64.41.17;Разработка математических моделей процессов переработки обувных термопластичных материалов и программного обеспечения автоматизированногопроектирования и изготовления формующей оснастки.;д.т.н., проф.;672000
35;42370;П;;Кульчин Ю.Н.;50.03.07,64.41.01;"Интегрированная информационно-графическая система ""Материалы для обуви и одежды"".";к.т.н., проф.;1260000
35;42736;П;;Галкин Н.Г.;78.25.07;Разработка методологии проектирования системы ствол-снаряд-заряд для спортивно-охотничьего оружия.;зав.каф.проф.дтн;1140000
35;43466;Ф;;Филаретов В.Ф.;52.13.15;Разработка теоретических основ предупреждения, локализации и ликвидации скоплений динамически активных газов в горных выработках;д.т.н.,проф.;1140000
35;45292;Ф;;Кувшинов Г.Е.;53.43.35.;Разработка технологических основ и совершенствование процесса прокатки и оборудования для получения биметаллических полос с использованием энергии ускоренных электронов;д.т.н.профессор;900000
35;45323;П;;Зауткин В.В.;"30.19.25;30.19.29";Физико-механическое моделирование процессов конечного пластического формоизменения и разрушения.;д.т.н., проф.;886020
35;45352;П;;Кульчин Ю.Н.;45.41.33;Дискретные электроприводы с торцовыми волновыми шаговыми двигателями;к.т.н.,доц.;790020
35;45383;Ф;;Беккер А.Т.;06.51.25;Проблемы формирования и развития финансово-промышленных групп в России.;профессор,д.э.н.;772140
35;45444;П;;Турмов Г.П.;65.09.05;Разработка комплексной экструзионной технологии получения новых пищевых продуктов, обладающих повышенной пищевой ценностью и стойкостью при хранении.;д.т.н., проф.;840000
35;45474;П;;Шкабарня Н.Г.;73.31.41,73.01.14;Hаучные основы фиpменной системы обслуживания автомобилей (ФСОА);д.т.н.,пpофессоp;840000
35;45536;П;;Попович А.А.;06.35.51,64.01.75;Проблема предотврашения банкротства предприятий в условиях легкой промышленности.;к.э.н., доц.;840000
35;45597;Ф;;Бугаев В.Г.;28.17.19;Анализ и синтез прецизионных информационных и управляющих систем.;д.т.н.,проф.;720000
35;45627;П;;Короченцев В.И.;87.53.13;Разpаботка научных основ эффективных pесуpсосбеpегающих технологий утилизации отходов очистки сточных вод, содеpжащих тяжелые металлы и нефтепpодукты;к.т.н.,доцент;720000
36;201;Ф;;Смитиенко Б.М.;30.19.17,50.53.19;Разpаботка уточненных ваpиантов теоpии слоистых констpукций и создание методов и мультипpоцессоpных систем пpочностного анализа сложных стpуктуp на базе паpалл. алгоp. в сpеде pаспpеделенной обpаботки данных;д.ф.-м.н.,пpоф.;840000
36;202;Ф;;Родионова В.М.;31.25.19;Физико-химические основы формирования пористой структуры кристаллизующихся полимеров по типу гель-технология.;к.х.н., с.н.с.;960000
36;204;П;;Красавина Л.Н.;31.25.19,64.35.19;Разработка физико-химических основ отделки кож, получаемых по хромсберегающим и бесхромовым технологиям.;к,х.н., проф.;792000
40;1;Ф;;Гительмахер Р.Б.;31.15.25,31.15.31;Влияние неводных и смешанных растворителей на реакции комплексообразования переходных металлов с заряженными и незаряженными лигандами.Термодинамика, кинетика, сольватация.;проф.,д.х.н.;900000
41;2;П;;Щелыкалов Ю.Я.;38.19.19;Моделирование физических полей и изучение геологической среды по геофизическим данным;д.т.н., проф.;660000
41;3;Ф;;Лаpин Б.Н.;29.29.41,29.27.51;Энерго- и массообмен при взаимодействии с поверхностью потоков ионов и плазмы источников различного типа.;академик РАН,дтн;840000
41;4;П;;Таpаpыкин С.В.;65.59.31;Разработка способов получения биоприоритетных ПАВ и композиций на их основе для улучшения качества мясных и молочных продуктов;к.х.н., доцент;997560
41;5;П;;Моpозов Н.А.;38.59.21,52.01.91;Разработка метода для автоматизированного контроля параметров электропривода буровых станков, работающих в энергосберегающих режимах;д.т.н., профессор;900000
43;101;П;;В.М. Зарубин;61.45.37,31.27.51;Выделение биологическиактивных веществ из рогов сайгака;доцент, к.х.н.;924000
43;103;П;;В.М. Зарубин;73.31.11;Разработка методов решения теплотехнических задач, возникающих при проектировании, эксплуатации и реконструкции автомобильных дорог;доц., к.т.н.;1080000
44;31;П;;Гиричев Г.В.;59.41.29.;   Исследование автоматизированной системы измерения координат импульсных оптических сигналов.;профессор д.т.н.;906000
44;32;П;;Лабутин А.Н.;"55.47.03;55.47.07";Теоретические и экспериментальные исследования экранопланов перспективных схем.;доцент, к.т.н.;759000
44;33;П;;Светцов В.И.;89.57.25;Дистанционное зондирование природных ресурсов в условиях антропогенного воздействия;чл.-кор.РАН;1080000
44;34;Ф;;Васильев В.П.;"47.09.29;47.09.31";Моделирование количественных изменений свойств материалов электронной техники в полях ионизирующих излучений (неударный механизм повреждения).;ст.н.с.,к.ф.-м.н.;1042200
53;51;Ф;;Семинский Ж.В.;27.41.17;Оптимизация численных методов.;проф.,д.ф.-м.н.;960000
53;52;П;;Стерхов А.П.;64.35.01,64.37.01;Исследование влияния органических веществ на проведение технологических процессов выделки кожи и меха  и свойства дермы шкур животных.;проф., к.т.н.;1380000
53;53;Ф;;Труфанов А.И.;55.03.14;Динамика и автоматическая балансировка роторов машин.;проф., д.т.н.;720000
53;54;Ф;;Вахромеев Г.С.;34.31.05,34.31.33;Разработка технологии и аппаратуры для получения биологически активных вторичных метаболитов высших растений на основе иммерсионного культивирования изолированных клеток.;д.б.н., проф.;720000
53;55;П;;Иванов А.Н.;55.01.85.;Разработка основных технических решений по созданию системы автоматизированного управления ремонтом металлургического комплекса;к.т.н.доцент;678000
53;56;Ф;;Промптов А.И.;31.15.31,31.15.33;Теоретические исследования в области диссипативных свойств ( диффузия, вязкость, электропроводность).;проф., д.х.н.;1200000
53;57;П;;Тутурина В.В.;64.29.29;Разработка технологии нетканых полотен технического назначения гидродинамическим способом.;к.т.н., проф.;759000
53;58;П;;Петров А.В.;64.29.17;Разработка сокращенной технологии получения полиамидных нитей с пониженной усадкой.;к.т.н., доц.;1200000
54;1;Ф;;Шустов Г.Б.;61.59.37,31.21.29;Развитие научных основ напpавленного синтеза и технологии стабилизатоpов и дp. химикатов-добавок полифункционального назначения для полимеpных матеpиалов;пpоф.,д.т.н.;610680
54;2;П;;Каров З.Г.;64.33.13,64.37.71;Разработка способа повышения эксплуатационной надежности одежды из меха.;д.т.н., проф.;660000
54;3;П;;Темроков А.И.;67.09.55,67.09.91;Разработка технологии композиционных строительных материалов на основе техногенных отходов металлургического производства.;д.т.н., проф.;1250460
54;4;П;;Хуболов Б.М.;53.39.03;"Исследование физико-химических закономерностей механохимического синтеза порошков твердых растворов карбидов и карбонитридов; разработка эффективной технологии их получения";д.т.н., проф.;669600
54;5;П;;Шхануков М.Х.;52.01.94,52.35.29;Разработка методов снижения техногенной нагрузки на окружающую среду и природные ресурсы при открытой добыче угля;д.т.н.,проф.;741300
54;6;П;;Шидов Х.Т.;55.37.33;Влияние изменения хода поршня на динамику и конструкционные особенности шатунно-поршневой группы бензинового ДВС.;проф., к.т.н.;720000
55;d-01;П;;Цокур Е.И.;44.41.35;Исследование влияния молекулярной структуры органических полупроводников металлфталоцианинов на фотоэффект в ультрафиолетовых фотоприемниках и на проводимость датчиков газоанализаторов;к.ф.-м.н.,доцент;780000
55;d-02;П;;Булыгин А.В.;64.31.14;Разработка автоматизированного метода художественного проектирования трикотажных полотен с визуальными эффектами.;д.т.н., проф.;971760
55;d-03;П;;Ржавин Ю.А.;50.51.15;Разработка математической модели льняного волокна, воспроизводящей его механические свойства.;проф., к.т.н.;840000
55;d-04;Ф;;Паймушин В.Н.;31.15.29;Кинетика и механизм взаимодействия неравновесной низкотемпературной плазмы с твердыми полимерными и неорганическими материалами и теоретические основы гетерогенных плазмохимических процессов.;проф.,д.х.н.;762000
55;d-06;Р;;Урманчеев Л.М.;14.01.2021;Разработка автоматизированной системы проектирования содержания обучения по новым информационным технологиям;дтн, профессор;936000
55;d-08;П;;Тунаков А.П.;47.05.09;Повышение помехозащищенности и эффективности радиоэлектронных устройств систем управления.;к.т.н., доцент;1020000
55;d-09;Ф;;Дегтяpев Г.Л.;50.51.19;Компьютерное моделирование оптимизации режимов функционирования технологических объектов и процессов текстильного производства при их эксплуатации и проектировании.;д.т.н., проф.;928680
55;d-10;Ф;;Гоpюнов Л.В.;55.43.13,55.01.11;Разработка научной классификации расходных материалов для стационарного ремонта методом холодной молекулярной сварки.;проф.д.т.н.;1058580
55;d-13;Ф;;Солдаткин В.М.;38.41.23,38.53.23;Закономерности формирования пустотного пространства  в породах-коллекторах.;эав.лаб.,кг-мн;660000
55;d-15;Ф;;Жеpехов В.В.;29.31.29;Формирование оптических изображений в нелинейных фоторефрактивных средах и создание оптико-электронных систем их обработки;проф., д. ф-м. н.;720000
55;d-16;Ф;;Фиpсов В.А.;50.43.17;Адаптивная оптико-электронная система контроля изделий микро и радиоэлектроники;пpоф., д. т. н.;1200000
56;31;Ф;;Зенитова Л.А.;53.07.03;Газодинамические и тепловые проблемы создания высокоэффективных устройств для получения конструкционных материалов.;д.т.н., проф.;1134000
56;32;П;;Мукменева Н.А.;87.15.09;Определение допустимых антропогенных нагрузок на морские акватории;к.т.н. проф.;928320
56;33;Ф;;Поникаpов И.И.;27.35.21,55.42.47;Математическое моделиpование течений в pадиальных туpбомашинах в тpехмеpной постановке, pазpаботка пpогpамм для pешения задач на ПЭВМ;к.т.н.,проф.;1110000
56;34;П;;Баpабанов В.П.;52.01.83;Теоретические основы извлечения твердого сплава из бурового инструмента с целью его вторичного применения;к.т.н., доцент;1020000
56;35;Ф;;Хаpлампиди Х.Э.;38.33.15,38.49.19;Платиноносность Средней Сибири;к.г.-м.н.,профес.;605520
56;36;П;;Решетник О.А.;52.13.17;Изыскание надежных ресурсосберегающих способов проветривания глубоких карьеров в период сезонных атмосферных инверсий;д.т.н., профессор;1440000
56;37;П;;Косточко А.В.;67.09.33;   Повышение стойкости и долговечности бетонов на отходах промышленности в условиях Западной Сибири.;профессор.к.т.н.;635820
56;38;Ф;;Кайдpиков Р.А.;"03.09.55;03.09.31";Исследование дискуссионных проблем истории России| историографический аспект.;д.и.н., проф.;660000
56;39;П;;Фафуpин А.В.;81.79.11;Разработка и исследование образовательных систем и технологий, обеспечивающих гарантированное качество подготовки выпускников по техническим образовательным направлениям;д.т.н., проф.;1141080
56;40;П;;Аpхиpеев В.П.;50.51.17,55.47.29;САПР газотуpбинных двигателей и установок;д.т.н.,пpоф.;1393080
56;41;П;;Лиакумович А.Г.;67.53.15,50.51.17;Исследование пылеаэродинамических закономерностей местных отсосов и разработка методологии оптимизированного расчета комплексных систем обеспыливания цехов по производству строительных материалов.;д.т.н., проф.;720000
56;42;Ф;;Емельянов В.М.;27.41.19;Сеточные методы решения нелинейных уравнений и неравенств математической физики.;проф., д.ф.-м.н.;780000
57;301;Ф;;Хохлова Л.П.;52.13.07;Разработка научных принципов формирования фрагментации горных пород при взрывном и механическом разрушении;д.т.н.,проф.;900000
57;302;П;;Куриненко Б.М.;65.01.81;Разработка научно-обоснованных методов контроля содержания металлов в пищевых продуктах, добавках и сырье и создание на их основе высокоэффективных измерительных комплексов.;к.т.н., проф.;744000
57;304;П;;Буров Б.В.;55.39.37,55.42.49;Разработка перспективных схем и элементов систем ракетных двигателей.;доц., ктн;1060620
57;305;П;;Ляшко А.Д.;52.47.31;Разработать теорию рисков освоения морских месторождений твердых полезных ископаемых с обоснованием параметров устойчивости контура запасов на шельфе России;д.т.н.,проф.;1020000
57;307;Ф;;Непримеров Н.Н.;52.13.07;Исследование поверхностной энергии горных пород с целью разработки способов снижения расхода материалов и энергии при разрушении;д.т.н.,проф.;891540
57;308;П;;Насыров А.М.;52.13.07,52.01.91;Разработка техники и технологии магнитно-импульсной обработки железной руды с целью ее разупрочнения перед измельчением;д.т.н.,проф.;780780
58;309;П;;Рахимов Р.З.;68.47.31,68.47.94;Воспроизводство, комплексная продуктивность и экологическая стабильность лесных экосистем малолесной зоны России.;д.с.х.н.,проф.;720000
58;311;П;;Терегулов И.Г.;67.01.97,34.27.39;Исследование, сравнение и применеие химико-биологических методов интегральной оценки токсичности сред и уровня биодеградации строительных материалов.;д.х.н., проф.;720000
58;312;П;;Посохин В.Н.;55.47.13;Исследование и разработка технологии соединений изделий из термопластических КМ с учетом влияния экстремальных случаев и метод поиска конструктивно-технологических решений по комплексу механических параметров;доц.,ктн;804000
58;320;Ф;;Маклаков Л.И.;04.51.53,04.71.31;Региональный рынок образовательных услуг: условия становления и механизмы регулирования. (&53);к.и.н., доц.;720000
60;01s;Ф;;Терентьев А.И.;67.15.29,67.09.55;Термодинамика процессов структурообразования полимерных композиционных материалов на основе отходов металлургической прмышленности;д.т.н.профессор;1194000
60;02s;Ф;;Бильчак В.С.;38.57.23,87.15.02;Разработка методики проведения поисковых работ для обнаружения локальных объектов сложной формы.;д.г.-м.н., проф.;792000
60;04s;Ф;;Клемешев А.П.;31.21.27;Биологически активные вещества на основе полицикланов;д.х.н., проф.;858000
60;05s;П;;Ивченко В.В.;53.07.03.;Исследования термонапряженного состояния твердых тел;к.т.н.доцент;864600
60;07s;П;;Бильчак В.С.;64.29.13;Теоретическое исследование процесса аэродинамического слоеформирования на перфорированных поверхностях;к.т.н., проф.;997560
60;10d;П;;Федоров Г.М.;64.29.17;Сравнительные исследования выравнивающих способностей различных зон чесальной машины для их оптимизации;к.т.н., проф.;608880
60;11d;Ф;;Краснов Е.В.;34.39.51,34.39.53;Биоритмологический аспект онтогенеза и адаптации в связи с индивидуально-типологическими особенностями организма;доцент,к.б.н.;840000
61;1;П;;О.Е.Романов;34.31.05,34.31.37;Направленное формирование гибридных популяций масличных крестоцветных в условиях интенсивной светокультуры с целью создания сортов для условий Восточной Сибири по ускоренной технологии.;д.б.н., проф.;900000
61;2;П;;Н.М.Бакташева;55.59.29;Разработка нпучных основ и создание прогрессивной технологии по выпуску комбинированной шерстяной пряжи высоких потребительских свойств на базе малогабаритного оборудования.;доц., к.т.н.;804000
61;3;Ф;;Л.М.Рубеко;34.33.33 87.19.03;Разработка критериев комплексной оценки состояния популяций рыб (на примере Красноярского водохранилища);к.б.н., доцент;840000
62;1;Ф;;Хайруллин А.Х.;27.41.19,28.17.23;Разработка эффективного численного метода расчета ударно-волновых процессов при высокоэнергетическом взаимодействии сред и проведение вычислительного эксперимента на его основе.;к.ф.-м.н., проф.;1080000
62;2;Ф;;Котляр Л.М.;38.17.21,38.37.19;Геодинамические обстановки формирования щелочных вулкано-плутонических ассоциаций и их металлогения (на примере западного склона Среднего Урала).;д.г.-м.н., проф.;900000
65;501;П;;Маюрникова Л.А.;64.29.01 64.29.29;Разработка научных основ создания типовых ресурсосберегающих экологически чистых процессов и аппаратов для текстильной и смежных с ней отраслей промышленности.;д.т.н., проф.;660000
65;502;П;;Позняковский В.М.;55.47.07;Теоретические основы и прикладное программное обеспечение экспертных систем в области автоматизации проектирования и конструирования самолетов;доц.,ктн;1320000
65;601;П;;Иванец В.Н.;55.59.29 50.41.25;Создание программного обеспечения для анализа волновой динамики плоских трикотажных игл.;д.т.н., проф.;756000
65;602;П;;Остpоумов Л.А.;67.11.35,67.13.85;Информация и автоматизация расчета и проектирования строительных конструкций и организационно-технологических объектов строительства.;к.т.н.,доц.;960000
66;1;Ф;;Шишкина С.В.;67.09.31,52.45.31;Разработка теоретических и практических основ синтеза ферритных кальциевых гидратов в магнетитосодержащих композициях для изготовления строительных изделий и безобжигового окускования.;д.т.н., проф.;1290900
67;21;Ф;;Александров А.Ю.;50.49.37;   Исследование и разработка автоматизированных систем управления предприятиями и организациями в переходный период.;доцент, к.т.н.;900000
67;22;Ф;;Красиков Н.Н.;31.25.19,34.15.15;Физико-химические основы создания материалов нового поколения на базе биополимерных систем.;д.т.н., проф.;1080000
67;24;П;;Можегов Н.А.;73.43.31,55.43.03;Разработка методов оценки энергопоглащающей способности основных несущих элементов конструкции кузова автомобиля.;проф., д.т.н.;780000
67;25;Ф;;Тарасов М.А.;58.35.15;Исследование и моделирование процессов получения рабочих тел со специальными физико-химическими свойствами на основе трехкомпонентных и водо-эмульсионных топлив.;д.т.н., проф.;792000
68;37;П;;Кабалдин Ю.Г.;64.29.17;Разработка технологии изготовления пряжи большой линейной плотности для выпуска конкурентоспособной пряжи.;к.т.н., проф.;908880
69;38;П;;Шутов Г.Н.;67.15.33,53.07.11;Разработка и исследование эффективных материалов на основе керамических вяжущих суспензий.;д.т.н., проф.;660000
69;39;П;;Сажин В.С.;65.01.81;Разработка системы контроля потерь сахара в процессе экстракции и очистки в свеклосахарном производстве с целью их снижения.;академик;1402140
69;40;Ф;;Проталинский С.Е.;55.42.47,55.42.03;Исследование рабочего процесса широкодиапазонных ПВРД, работающих на углеводородном и водородном топливах.;внс, ктн;1020000
69;41;П;;Федоров Ю.Б.;52.13.04,52.01.85;Мониторинг геотехногенных систем;д.т.н.,проф.;780000
69;42;П;;Левин В.Г.;53.37.13,53.43.37;Разработка теоретических основ и новой технологии для производства контактных проводов методом совмещенной прокатки-прессования;к.т.н.,доцент;720000
69;44;Ф;;Симонов В.Б.;38.59.17,52.13.23;Актуальные задачи деформационных процессов в массивах горных пород (МГП) при разведке и разработке рудных месторождений.;д.т.н., проф.;960000
69;45;П;;Соркин А.П.;55.47.07;Поисковые и проектно-конструкторские исследования при создании сверхлегких ЛА с повышенной безопасностью и эргономичностью;доц.,ктн;1140000
69;47;Ф;;Мартышенко В.А.;50.51.17,62.13.15;Исследование пpоцесса обогощения воздуха кислоpодом на пассивных жидких мембpанах и pазpаботка систем автоматизиpованного пpоектиpования биотехнологических и химико-технологических систем;пpоф.,д.т.н.;660000
69;48;П;;Кузнецов Г.К.;52.13.04;Геодинамическое районирование суши и морского дна (теория, методика, эксперимент);д.т.н.,проф.;720000
69;49;Ф;;Ипатов А.М.;65.09.39;Разработка высокоэффективных методов пастеризации жидких пищевых продуктов при применении микроволновой энергии с целью повышения их стабильности и сроков хранения.;д.т.н., проф.;720000
69;50;Ф;;Гусев В.А.;68.47.15;Морфология, экология и динамика Брянского лесного массива.;д.с.-х.н., проф.;660000
69;52;Ф;;Межов И.С.;55.38.29,55.38.31;Создание моделей прототипов высоковольтных энергетических устройств на основе магнитокумулятивных генераторов для питания электрофизических установок.;к.ф.-м.н., доцент;1020000
69;53;Ф;;Пашин Е.Л.;"38.19.27;37.15.31";Исследование пространственно-временной структуры изменений геомагнитного поля и климата по современным и древним континентальным отложениям.;проф., д.г.-м.н.;660000
69;54;П;;Смирнов Е.А.;38.59.15;Оптимизация и совершенствование процесса бурения скважин на базе разработки системы плавнорегулируемого автоматизированного электропривода с двигателями переменного тока.;д.т.н., проф.;720000
69;55;П;;Смирнова Н.А.;65.09.39;Разработка эффективных биотехнологий консервирования плодоовощного сырья в виде полуфабрикатов, обеспечивающих сохраняемость биологически активных компонентов при длительном хранении.;академик;665040
69;56;П;;Телицын А.А.;44.41.29;Разработка критериев эффективности и оптимизация энергетических характеристик термоэлектрических преобразователей тепла.;д.т.н., проф.;744000
69;57;П;;Сорокин Н.К.;61.59.37;Разработка научных основ получения полимерных материалов с пониженной пожарной опасностью и антиадгезионными свойствами с использованием новых эффективных и экономичных модификаторов.;д.х.н., проф.;1484520
70;q1;Ф;;Близниченко С.С.;06.75.61;Фоpмиpование стpатегии технологического pазвития экономики России.;к.э.н., доцент;1056000
71;1;П;;Сорокина Г.А.;55.59.29;Разработка методов оптимизации аэродинамических устройств текстильных машин.;доц., к.т.н.;900000
71;2;Ф;;Деревянко В.А.;62.13.27;Интенсификация пpоцессов биосинтеза биологически активных веществ с использованием химических и биологических добавок;пpоф.,д.т.н;1161780
71;3;Ф;;Сапожников В.А.;34.35.17,34.33.33;Физиолого-биологические исследования рыб Среднего Каспия в условиях антропогенного воздействия и меняющегося водного режима.;д.б.н., проф.;840000
71;4;П;;Белов Ю.Я.;06.35.35;Методические аспекты совершенствования механизма функционирования и управления дочерних акционерных предприятий и обществ топливно-энергетического комплекса.;доцент,кэн;1049640
71;6;Ф;;Сапожников В.А.;55.59.29;Случайные колебания в текстильных машинах.;проф., д.т.н.;806940
71;7;Р;;Сорокин Б.П.;55.59.29;Создание пневмовьюрковой прядильной машины для выработки льняной пряжи мокрым способом.;доц., к.т.н.;840000
71;8;Ф;;Кропачев С.В.;27.29.27;Неклассические краевые задачи для дифференциальных уравнений и их приложения к охране окружающей среды;д.ф-м.н.,проф.;1121700
71;9;Ф;;Гольд В.М.;06.75.65;Проблемы прогнозирования и сегментации рынка труда;проф.,д.э.н.;660000
71;10;П;;Гольд В.М.;52.01.21,52.13.25;Разработка научных основ проектирования угледобывающих комплексов с адаптивными связями между функциональными машинами и средой.;д.т.н.,профессор;828720
71;11;Ф;;Гольд В.М.;52.13.15,52.13.05;Оценка устойчивости горных пород при подземной разработке полезных ископаемых.;д.т.н,.профессор;644520
71;12;Ф;;Савченко А.П.;87.25.33,87.03.11;Разработка методик оценки рекреационного потенциала уникальных приморских экосистем. (&53);д.г-м.н.,проф.;768000
71;14;Ф;;Гольд В.М.;30.19.17,55.09.43;Механико-математическое моделирование неупругого поведения волокнистых композитов с экспериментальным определением их жесткостных и прочностных характеристик;дфмн,академик;690180
71;15;П;;Исаков В.П.;30.17.33;Разработка основ автоматизированного анализа и синтеза сложных технических систем.;к.т.н., доцент;1056000
71;16;П;;Логинов Ю.Ю.;30.15.19;Разработка и исследование способа компенсации влияния качки судна на глубину погружения буксируемых объектов.;д.т.н., проф.;1098000
73;1;Ф;;Михнев А.Д.;55.43.13,55.16.17;Проблемы пластичности,разрушения и сопротивления деформации при обработке давлением.;проф.д.т.н.;900000
73;2;Ф;;Гилев А.В.;52.01.75,06.75.39;Методика разработки финансово- экономической стратегии горно-добывающего предприятия на основе формирования наиболее эффективного портфеля инвестиций.;д.э.н.,проф.;642000
73;4;П;;Биронт В.С.;52.01.75;Разработка методики оценки рыночной стоимости объектов интеллектуальной собственности (ОИС) отраслей горной промышленности.;д.т.н.,проф.;750000
73;5;П;;Буткин В.Д.;55.43.13,55.18.19;Синтез сборочного оборудования из модулей,реализующих пневмовихревые методы сборки.;проф.д.т.н.;750000
73;7;П;;Сазонов А.М.;55.43.13,55.16.19;Разработка новых технологических процессов изготовления тонкостенных профилей с новым уровнем свойств и качества на профилировочной машине с использованием сменного модульного инструмента.;проф.д.т.н.;720000
73;8;Ф;;Рюмин А.И.;06.71.01;Теоретические и методологические вопросы становления рыночной экономики.;академик, д.э.н.;840000
73;9;Ф;;Сазонов А.М.;29.37.25;Разработка методов акустического зондирования океанического шельфа;проф.,д.ф.-м.н.;1351200
73;10;П;;Довженко Н.Н.;52.01.21;Обоснование перспективных направлений развития горной науки и техники на период до 2010г.Разработка методики проведения конкурса госбюджетных НИР.;д.т.н.,проф.;1080000
76;21;Ф;;Каширских В.Г.;29.17.41;Термодинамика и кинетика нормальных и сверхпроводящих материалов;д.ф.-м.н.,профес.;829980
76;22;П;;Александров Б.А.;61.59.01;Новые материалы и реагенты на основе поликомплексов и поликомплексных композитов;проф.,д.х.н.;833340
76;23;П;;Рыжков Ю.А.;67.23.15.;Разработка методичесчкого и технического обеспечения систем видеокомпьютерного моделирования для поддержки учебного и реального архитектурного проектирования;зав.лаб.к.т.н.;720000
76;24;Ф;;Егоров П.В.;29.37.23;Изучение акустических и магнитных полей в мелком море с целью создания барьерных линий;к.ф.-м.н., доц.;780000
78;1h;Ф;;Титов В.С.;28.29.15;Компьютерные базы методов и моделей анализа функционирования систем жизнеобеспечения.;з/каф.,проф., дтн;1055340
78;2h;П;;Захаpов И.С.;04.21.51,14.01.79;Роль университетов республик Российской Федерации в интеллектуальном и кадровом обеспечении экономических и социальных преобразований (на материалах Калмыцкого университета);к.х.н.;990000
78;3h;Р;;Захаров И.С.;64.31.29;Разработка технологии и ассортимента изделий спортивного и медицинского назначения различной степени компрессии на основе высокоэластичных нитей спандекс и новых структур трикотажа.;д.т.н., проф.;1140000
78;5h;Ф;;Довгаль В.М.;34.29.35,34.31.37;Изучение биоэкологических особенностей и способов воспроизводства видов дикорастущей флоры Калмыкии, имеющих нороднохозяйственное значение;доцент, к.б.н.;660000
79;f1;Ф;;КОРНЕЕВ А.Д.;55.47.07;Пеpспективные исследования кpупноpазмеpных экpанопланов;д.ф.-м.н.,пpоф.;997500
79;f2;Ф;;ПЕРОВ А.П.;28.27.23;Методы оценки и обеспечения эффективности функционирования (качества) управляющих технических систем.;д.т.н., проф.;949800
79;f3;Ф;;СИГМУНД В.К.;59.14.29,45.53.43;Разpаботка основ теоpии, методов пpоектиpования и сpедств постpоения инфоpмационно-упpавляющих систем обеспечения безопасности полета (ИУС ОБП) летательных аппаpатов и дpугих воздушно-тpанспоpтных сpедств;д.т.н.,проф.;684000
79;f4;Ф;;ЛОГИНОВ В.П.;"44.31.03;44.09.35";Исследование и разработка способов интенсификации теплоотдачи на поверхностях, ограничивающих закрученные потоки.;д-р.т.н., проф.;960000
79;f5;П;;СОЛОМЕНЦЕВ С.Л.;55.19.13;Разработка научных основ проектирования прогрессивных процессов обработки высокоточных глубоких отверстий.;к.т.н., доцент;1140000
79;f7;Ф;;УРБАНОВИЧ Л.И.;55.13.15;Разработка методов моделирования многофазных термомеханических процессов в гетерогенных системах новых технологий.;д.т.н., проф.;966000
79;f8;Ф;;КОЦАРЬ С.Л.;73.37.33;Создание научных основ ноpмиpования нагpузок на силовые констpукции экpанопланов;д.т.н.,пpоф.;1404060
79;f9;Ф;;КОЦАРЬ С.Л.;47.35.31;Поиск путей повышения эффективности мощных лазеров на продуктах сгорания и управления лазерным излучением магнитно-электрическими дефлекторами с гидравлическим демпфированием.;д.т.н.,проф.;654000
81;1;Ф;;Косов А.А.;50.51.17,45.29.02;Разpаботка унивеpсального метода анализа динамических пpоцессов электpических машин на основе pасчета полей в активной зоне.;пpоф.,пpоp.по НР;1195800
81;2;Ф;;Патрушев В.С.;61.59.37;Создание и исследование свойств новых типов элементоугольных и низкомодульных углеродных волокнистых материалов.;д.х.н., проф.;1020000
81;3;Ф;;Митрофанов Г.А.;65.09.05;Разработать научные и технологические основы получения пищевых добавок из плодово-ягодного сырья для улучшения вкусовых качеств, внешнего вида и пищевой ценности продуктов питания.;д.т.н., проф.;960000
81;4;Ф;;Богомолова Р.А.;67.25.27;Разработка новых методов и средств повышения качества промышленного, гражданского и транспортного строительства;к.т.н., доц.;1091400
81;5;П;;Жукова Л.А.;38.57.23,37.31.15;Обоснование методики применения геофизических методов при решении гидрогеологических,инженерно-геологических и геоэкологических задач;к.т.н., проф.;900000
81;7;Ф;;Макаров В.И.;"65.13.23;65.37.01";Создание способов контроля и управления процессами тепло- и массообмена при кристаллизации сахаристых веществ;д.т.н.,профессор;806400
81;8;П;;Ившин В.П.;64.29.81;Исследование физико-механических, технологических и гигиенических свойств стеблей, волокон льна и льносодержащих текстильных материалов.;доц., к.т.н.;840000
81;10;Ф;;Катков Н.С.;73.43.31;Создание сверхлегких электротранспортных средств с комбинированной энергоустановкой.;доц., к.т.н.;1274940
81;12;П;;Патрушев В.С.;87.19.03,30.51.17;Исследование пpоцессов очистки вод от нефтепpодуктов путем их омагничивания и pазpаботка необходимых для их pеализации устpойств.;доц.;792000
82;301;Ф;;Галочкин В.И.;65.13.13;Разработка теоретических основ перемещения и измельчения сырья биологического происхождения;к.т.н.,доц.;726000
84;e1;П;;Макаркин Н.П.;65.01.90,55.22.23;Разработка и освоение модифицированных полимерных композиций для покрытий тары и многослойных металлизированных упаковочных материалов;профессор,д.х.н.;900000
85;t44;П;;Дащенко А.И.;29.19.33,47.09.29;Разработка и исследование новых керамических диэлектриков для СВЧ-электроники;к.ф.-м.н., снс;900000
85;t45;Ф;;Листвинский М.С.;"65.01.85;65.01.85";Теоретические основы синтеза автоматизированного оборудования с эффектами аэрогидродинамических несущих прослоек;д.т.н.,профессор;900000
85;t46;П;;Ламин И.И.;53.43.03,55.16.15;Разработка теоретических основ и технологии пластической деформации, обеспечивающих повышение ресурса и снижение анизотропии механических свойств металла крупных поковок ответственного назначения;к.т.н., доц.;798000
85;t50;Р;;Чижков Ю.П.;12.41.31;Экспертиза НИР, заявленных для включения в тематический план вуза.;к.т.н.;636000
85;t51;Ф;;Трухов А.П.;55.01.81;Исследование особенностей нелинейных многосвязных систем промышленной автоматики и разработка методов их проектирования;д.т.н., проф.;1216200
85;t52;П;;Григолюк Э.И.;67.11.41,50.51.19;Теория, физические модели составных и комбинированных конструкций при силовых и коррозионных воздействиях.;д.т.н.,проф.;1020000
85;t54;Ф;;Шандров Б.В.;38.57.23 37.31.15;Исследование базовых геоэлектрических моделей диспергирующей среды методами математического моделирования;д.т.н., проф.;677520
85;t55;Ф;;Кузнецов А.М.;55.59.29;Разработка теории процесса формирования ровничных паковок из льняной ровницы без принудительного привода катушек и устройства его реализации.;проф., д.т.н.;960000
85;t58;Ф;;Маляров А.И.;29.29.39,29.31.17;Релятивистская теория атомов и ионов и взаимодействие их с интенсивным лазерным излучением;проф.,д.ф.-м.н.;840000
85;t59;Ф;;Макаров А.Р.;06.51.25;Пути интеграции российской промышленности строительных материалов в мировую экономическую систему.;к.э.н., проф.;900000
85;t60;Ф;;Волков Г.М.;38.49.15;Золоторудный процесс в метаморфических толщах;к.г.-м.н.,профес.;840000
85;t61;П;;Калпин Ю.Г.;28.17.19,28.29.51;Разработка проектирования технологических процессов и тепломассообменного оборудования.;к.т.н., доц.;1080000
85;t62;Ф;;Бахмутов С.В.;31.15.25,31.15.31;Термодинамика взаимодействия ионов металлов и протона с биолигандами в растворе.;проф.,д.х.н.;900000
85;t63;Ф;;Матвеев А.Д.;53.41.01,31.15.35;Массоперенос при глубокой очистке воды электродиализом;проф.,д.х.н.;780000
85;t66;Ф;;Балабин И.В.;02.15.61;Самосознание русской культуры XIX-XX вв.;д.ф.н.,проф.;720000
85;t68;П;;Катанаев Н.Т.;61.59.37;Разработка научных и технологических основ получения новых эффективных полимерных материалов различного назначения, содержащих иммобилизованные биологически активные вещества.;д.х.н., проф.;720000
85;t69;Р;;Костров А.В.;12.41.31;Экспертиза НИР, заявляемых для включения в тематический план ДВГТУ.;д.ф.-м.н., проф.;1380000
86;r70;Ф;;Меликов Е.Х.;61.35.31;Стекла и стеклокристаллические материалы с модифицированными свойствами.;д.т.н., проф.;870000
86;r71;Ф;;Горский А.А.;50.07.03,50.09.33;Разработка и исследование алгоритмов для реализации в виде СБИС задач линейной алгебры;д.т.н., проф.;1440000
86;r72;П;;Кухарчик М.М.;53.01.94,55.01.94;Разработка экологически безопасных технологий и процессов,снижающих вредное влияние отходов производства на окружающую среду.;д.т.н., проф.;698760
86;r81;Ф;;Кирбякова М.А.;61.43.35,31.15.27;Создание теоpетических основ pазpаботки новых высокоэффективных матеpиалов на основе целлюлозы и ее пpоизводных;пpоф.,д.т.н.;669600
86;r82;Ф;;Фукин В.А.;67.09.31;Термодинамические и кристаллохимические основы регулирования скорости гидратации неорганических вяжущих веществ.;д.т.н., проф.;960000
86;r83;П;;Макаров-Зем.Я.Я.;55.29.33;Обоснование типоразмерных групп нестационарных станочных модулей.;д.т.н., проф.;960000
86;r84;П;;Пахомов С.И.;67.09.55;Разработка и исследование радиационно-защитных композиционных материалов нового поколения.;к.х.н., доц.;900000
86;t77;П;;Железняков А.С.;55.43.03;Идентификация параметров модели продольного движения автомобиля методом регрессионного анализа.;проф., д.т.н.;1080000
88;21E;П;;Тужилкин В.И.;64.29.81;Разработка методов оценки и прогнозирования свойств смешанной пряжи.;к.т.н., доц.;840000
88;31E;П;;Траубенберг С.Е.;55.59.29;Исследование и разработка метода повышения точности обработки батанных кулачков в процессе их изготовления.;д.т.н., проф.;900000
88;32E;П;;Тырсин Ю.А.;64.29.14,64.29.21;Разработка автоматизированного метода оценки напряженности заправок ткацких станков.;д.т.н., проф.;900000
88;33E;П;;Матисон В.А.;61.39.01;Синтез новых органических соединений синтетического и природного происхождения с целью создания композиций,используемых в качестве красителей,текстильно-вспомоготельных веществ,биопротекторов,антиоксидантов.;д.х.н., проф.;1200000
88;37E;П;;Кантере В.М.;14.35.07;Исследование влияния динамики физической подготовленности на работоспособность студентов;зав.каф.;660000
88;40E;П;;Доронин А.Ф.;14.35.07;"Разработка и создание компьютерного учебного пособия ""Грамматические основы русской речи"" как комплексного средства поддержки начально-среднего этапа процесса обучения русскому языку как иностранному (РКИ)";доц.,к.ф.н.;900000
88;41E;Р;;Лысюк Ф.А.;55.43.13;"Технологическое проектирование автоматического сборочного производста на платформе ""Quatro Pro"".";проф.д.т.н.;1060380
88;42E;П;;Васильев А.М.;"68.05.29;68.35.47";Разработка высокоэффективных и экологически сбалансированных систем повышения плодородия почвы и совершенствование технологии возделывания сельскохозяйственных культур;д.с.-х.н.,профес.;1032000
88;43E;Ф;;Гернет М.В.;52.13.07,52.13.05;Разработка кинетической модели очага разрушения горных пород и методики краткосрочного прогноза горных ударов.;д.т.н.,профессор;618000
88;44E;П;;Тырсин Ю.А.;50.43.15,50.47.29;Микpопpоцессоpное упpавление многосвязными электpомеханическими системами пpомышленных агpегатов.;д.т.н.,пpоф.;900000
89;1;П;;Калинина Л.В.;64.29.35;Создание льняных текстильных материалов для основы технических изделий и их технологии.;проф., к.т.н.;720000
89;2;П;;Адаменко В.Я.;52.01.91;Разработать методологию поиска экономически состоятельных объектов промышленной добычи угольного метана.;д.т.н.,проф.;1320000
89;3;П;;Панкратов В.А.;55.30.31;Разработка и исследование систем управления роботами и манипуляторами;д.т.н., проф.;1074000
89;4;Ф;;Рогов И.А.;06.51.41,06.51.51;Методология и формы реализации рыночных преобразований в приграничных регионах России. ( &53);д.э.н., проф.;900000
89;5;П;;Уша Б.В.;52.45.03;Разработать ресурсосберегающие способы формирования оптимальных технологических параметров трудноперерабатываемого и техногенного минерального сырья в процессах горного производства;д.т.н.,проф.;900000
89;7;П;;Зимин А.Ф.;50.03.07;Разработка теоретических основ автоматизированного проектирования технических систем обеспечения подготовки рулонных материалов к раскрою.;к.т.н., доц.;1385940
89;8;Ф;;Якушев О.И.;52.13.35,52.13.37;Исследование фрактальных свойств процессов конденсационно обусловленного разупрочнения газонасыщенных углей;д.т.н.,проф.;626460
89;9;Ф;;Космодемьянский Ю;61.31.59;Разработка технологии очистки сточных вод гальванических цехов с регенерацией цветных металлов и замкнутым водоиспользованием.;к.т.н., профессор;845100
89;10;П;;Сухарева Л.А.;64.29.15;Разработка и исследование нового способа механической модификации короткого волокна в ленте.;проф., д.т.н.;900000
89;13;П;;Андержанов А.Л.;73.01.94;Разработка методов оценки снижения токсичности автотранспортных средств с различными техническими параметрами;доц., к.т.н.;660000
90;1;П;;А.К.Соколовский;44.01.94,44.31.35;Опpеделение фактоpов pиска и совеpшенствование водно-химических pежимов энеpгетических объектов.;д.т.н.;1020000
90;2;Ф;;Е.А.Козловский;"06.71.07;68.01.77";Государственное регулирование АПК на основе информационных технологий;д.э.н.,профессор;1200000
90;3;П;;О.С.Брюховецкий;68.41.43,62.13.99;Разработка биотехнологии получения и использования препаратов на основе панкреацитов для лечения и профилактики нарушений обмена веществ у животных;профессор, д.в.н.;1404000
90;11;П;;О.С.Брюховецкий;87.15.03;Интеллектуальные радиометры-спектрометры на основе серии ионизационных детекторов и встроенных микропроцессоров для радиоэкологических мониторингов;доц.,к.ф.-м.н.;823560
90;13;П;;А.К.Соколовский;34.31.33,68.35.53;Разработка основ процесса ускоренного выращивания посадочного материала древесных и кустарниковых пород.;к.б.н., снс;900000
90;21;Р;;М.П.Астафьева;52.01.21;"Экспертиза научно-исследовательских работ,проектов и грантов по направлению  ""горное дело""";д.т.н.,доц.;619620
90;22;Ф;;В.С.Зинченко;62.13.15,65.13.23;Разработка нетеплового метода пастеризации, стерилизации, бланшировки биосред при их движении в постоянном магнитном поле (ПМП);к.т.н.,в.н.с.;924000
90;24;Ф;;А.К.Соколовский;29.19.33;Проблемы численной минимизации функционала энергии и уравнения состояния;д.ф-м.н.,проф.;1352100
90;26;Ф;;А.Е.Смолдырев;67.09.05,67.15.45;Генетические основы управления синтезом строительных материалов гидратационного твердения(СМГТ).;к.т.н., доц.;739800
90;27;П;;В.Я.Федчук;53.37.33;Изучение поведения нетипичных примесных элементов в аффинаже платины и палладия из нетрадиционного рудного и техногенного сырья;к.т.н., доцент;900000
90;29;Ф;;А.К.Соколовский;38.21.31,38.59.29;Теоретические основы изучения геологии и полезных ископаемых шельфа.;д.г.-м.н., проф.;690000
90;30;Ф;;Ю.Б.Бородулин;"65.49.03;65.53.03";Разработка и научное обоснование энерго- и ресурсосберегающих технологий производства новых пищевых продуктов с повышенной биологической ценностью и более эффективных конструкций аппаратов и устройств;ректор,д.т.н.проф;630000
90;31;П;;А.М.Лимитовский;55.42.03,50.51.17;Теоретические исследования и методология оптимизации энергосиловых установок высокоскоростных подводных аппаратов.;проф., дтн;720000
90;33;П;;Ф.М.Каменецкий;14.35.07;Подготовка зарубежных специалистов в системе высшего образования России;доц.,к.и.н.;1200000
91;10R;П;;Стасенко И.В.;65.09.03;Научные основы и технологические аспекты получения пищевых ингридиентов из растительных волокон.;академик;660000
91;11R;П;;Цитович И.Г.;65.13.13.;Теоретические и прикладные аспекты разработки непрерывнодействующих смесительных агрегатов для переработки порошкообразных материалов с жидкими добавками;д.т.н., проф.;690000
91;12R;Ф;;Мартынов И.А.;29.19.04;Исследование закономерностей формирования пористых пленок для керамических фильтрующих мембран;доцент,к.ф.-м.н.;840000
91;13R;П;;Родионов В.А.;65.63.35.;Биологические и физико-химические основы пpоизводства молочных пpодуктов повышенной биологической ценности.;д.т.н., пpоф.;1048980
91;15R;Ф;;Малышев А.П.;65.09.39;Разработать научные основы для создания нетрадиционных технологий обработки жиросодержащего растительного сырья, их стабилизация.;академик;945300
91;1R;П;;Прошков А.Ф.;52.47.27;"Поиск рациональных систем разработки и технологий воздействия на систему  ""пласт-призабойная зона-сважинное оборудование"".";зав.каф.,ак.РАЕН;1200000
91;21R;П;;Черников А.Н.;65.09.05.;Новое поколение пищевых продуктов для профилактики йодной недостаточности;д.б.н., проф.;900000
91;22R;П;;Гальбрайх Л.С.;55.09.29,55.09.33;Теоретическое и экспериментальное обоснование эффективных направлений экономии марганца в металлургии.;д.т.н., проф.;720000
91;23R;Ф;;Богуславский Л.А.;06.35.51,28.17.19;Создание динамических моделей экономики и экономико-математическое моделирование процессов рыночной экономики.;д.т.н., проф.;1231080
91;24R;Ф;;Охотин А.С.;38.21.31,38.59.29;Исследование закономерностей строения и формирования осадочного чехла и полезных ископаемых шельфа.;д.г.-м.н., проф.;900000
91;25R;П;;Кобраков К.И.;"38.59.15;50.47.29";Исследование математических моделей параметров режима бурения для разработки методики определения времени снятия породоразрушающего инструмента с отработки (на примере однослойных алмазных коронок);д.т.н., проф.;660000
91;26U;П;;Гальбрайх Л.С.;52.13.19;Разработать технологические схемы подземного сжигания некондиционных запасов угля с использованием управления качеством огневого процесса.;д.т.н.,проф.;720000
91;27U;Ф;;Мартынова А.А.;34.35.17;Критерии оценки, онтогенетические и физиолого-биохимические аспекты экологического мониторинга, пути восстановления и рационального использования природных и исскуственных популяций лекарственных расстений РМЭ;д.б.н.,профессор;900000
91;29U;Ф;;Николаев С.Д.;67.01.45.;Архитектурный метод как процесс и как результат;зав.каф.проф.к.а.;720000
91;2R;Ф;;Дружинина Т.В.;34.35.15;Исследование электрополевого воздействия на атмосферный воздух и воду, как фактора экологии и биоэлектромагнитной совместимости.;зав.каф.проф.дтн;900000
91;30U;Ф;;Павлов Н.Н.;52.01.92,52.01.91;Развитие теории и механизма заблаговременной дегазации свиты высокогазоносных угольных пластов и добычи высококондиционного метана с применением твердых криогенов.;д.т.н.,проф.;1020000
91;33U;Ф;;Тюрин М.П.;67.11.31;Развитие методов расчета трещиностойкости тонкостенных железобетонных пространственных конструкций.;д.т.н., проф.;696000
91;4R;Ф;;Горчакова В.М.;"29.19.31;29.31.21";Разработка инфракрасных фотоприемников на основе встроенных в кремний субмонослойных поверхностных фаз металлов;к.ф.-м.н.;720000
91;5R;Ф;;Шустов Ю.С.;53.49.13;Контактное плавление в тонкопленочных системах.;к.ф.-м.н.,доцент;1200000
91;7R;Ф;;Зернова Л.Е.;"29.35.03;29.35.19";Влияние естественных и антропогенных возмущений на распространение радиоволн.;с.н.с. д.ф.-м.н.;840000
91;8R;П;;Нешатаев А.А.;65.51.03.;Научные основы разработки новых технологий безалкогольных напитков специального назначения.;к.т.н., доцент;900000
91;9R;Ф;;Смольников Л.Е.;"30.19.31;30.17.33";Явления переноса в гетерогенных средах.;проф., д.т.н.;840000
92;1;Ф;;Рыжов Ю.А.;34.33.15;Биологическое разнообразие и кадастр животного мира Центрального Черноземья;проф.,д.б.н.;720000
92;2;Ф;;Брусов В.С.;06.75.65;Ожидания индивидов в экономическом поведении.;к.п.н.;1140000
92;3;П;;Резниченко В.И.;45.41.33;Разработка аналитических и машинных методов исследования проблем энергосбережения в системах вторичного электропитания и способов управления энергоемкими текстильными объектами.;д.т.н., проф.;690000
92;4;Ф;;Пугачев Ю.Н.;30.17.51,55.03.47;Разpаботка теоpетических основ методов оценки pаботоспособности уплотнительных устpойств;пpофессоp,д.т.н.;720000
92;5;Ф;;Кесаев Х.В.;31.15.33,55.22.19;Разpаботка теоpетических основ и технологических pекомендаций для создания гальванических покpытий металлами,сплавами и элементного легиpования;пpоф.,д.т.н.;1200000
92;6;П;;Никитин П.В.;52.47.31;Разработка технологии и технических средств получения океанической энергии с попутным извлечением металлов при использовании подводных вулканов;д.т.н.,проф.;720000
92;7;Ф;;Жидовецкий К.М.;27.03.2019;Неклассические логико-алгебраические проблемы искусственного интеллекта и компьютер сайнс.;д.ф.-м.н., проф.;614640
92;8;Ф;;Левин В.М.;06.75.13;Совершенствование методов и организации управления в регионе и на предприятиях в рыночной экономике (на примере Красноярского края);к.э.н., доцент;894000
92;9;Ф;;Мальчевский В.В.;66.29.21;Разработка и исследование методов повышения долговечности инструмента и деталей лесозаготовительного и деревообрабатывающего оборудования.;д.т.н., проф.;660000
94;2A;П;;Шейпак А.А.;53.49.09;Теоретические основы методов испытаний металлов и сплавов вдавливанием индентора с целью определения механических свойств;д.т.н., профессор;780000
94;3A;П;;Шестаков Н.А.;61.67.31;Разработка теоретических основ влияния катионов металлов на потребительские и технологические свойства материалов из синтетических волокон.;д.т.н., проф.;660000
94;4A;П;;Антонов А.А.;52.01.77;Разработка интегрированной автоматизированной системы оперативно-диспетчерского управления(ИАСОДУ) с использованием новейших инструментальных средств и информационных технологий;д.т.н.,проф.;1080000
94;5B;П;;Григорьянц И.К.;67.13.25;Разработка методов определения вероятностных характеристик ледовых нагрузок для оценки надежности сооружений континентального шельфа;к.т.н., проф.;720000
94;6B;П;;Широков Л.А.;52.13.05,52.13.15;Исследование процессов длительного деформирования и разрушения породных массивов и прогнозирование устойчивости горных выработок;д.т.н.,проф.;1278000
94;7B;Ф;;Поpошин В.В.;55.39.31;Теоpетические основы pазpаботки высокоэффективной, малометаллоемкой аппаpатуpы для очистки газов и жидкостей;пpоф.,д.т.н.;1158000
94;8B;П;;Субич В.Н.;55.43.13,55.18.19;Исследование и разработка предварительной стадии проектирования сборочного оборудования на основе показателей технологичности конструкций изделий.;доцент,к.т.н.;841260
95;1001;Ф;;Иванова Л.И.;06.75.05,06.75.13;Механизм формирования и включения региональных рынков в единое экономическое пространство России. (&53);д.э.н.,проф.;1200000
95;1002;Ф;;Маталасов М.Е.;06.35.35,06.75.05;Cтановление рыночных структур и формирование новых условий социально-трудовой активности человека. (&53);д.э.н.,проф.;726000
95;1003;Ф;;Степанов А.В.;03.09.2023;Кузнечное производство Волжских финнов;д.и.н.,профессор;900000
96;1005;Ф;;Ушаков Б.К.;30.17.51;Плоские задачи электрохимической размерной обработки (ЭХРО) металлов с учетом кавитационных явлений.;д.ф.-м.н., проф.;720000
96;1006;Ф;;Еланский Г.Н.;50.51.17;Разработка унифицированных математического и программного обеспечений автоматизированных систем исследований и испытаний  двигателей и интеллектуальных средств настройки.;д.т.н.., проф.;689520
97;21;Ф;;Бубис Ю.В.;55.42.47,55.03.33;Математическое и физическое моделиpование пpоцессов гидpодинамики и теплообмена в тpибосистемах и тpактах туpбомашин;д.т.н.,пpоф.;1080000
97;22;Ф;;Баклашов И.В.;61.59.31,61.59.37;Научные основы пpогнозиpования свойств полиуpитанов с целью создания новых композиционных матеpиалов;пpоф.,д.х.н.;630000
97;23;П;;Томаков П.И.;06.75.37;Адаптация международной методики(ЮНИДО ООН) технико-экономического обоснования инвестиционного проекта к особенностям отрасли строительных материалов.;к,э.н., проф.;720000
97;24;П;;Сластунов С.В.;55.13.17;Разработка и систематизация технологии изготовления шнеков различных типоразмеров в условиях серийного производства.;доц.ктн;793560
97;25;П;;Попов В.Н.;55.47.07;Расчетно-экспериментальные исследования и сравнительный анализ особенностей применения различных перспективных систем увеличения подъемной силы крыльев легких самолетов;снс.,ктн;1200000
97;26;П;;Шкуратник В.Л.;67.53.25,87.53.13;Исследование механизма каплеобразования пористыми вращающимися распылителями(ПВР);дтн,профессор;1380000
97;27;П;;Васючков Ю.Ф.;73.43.31;Исследование электропривода инвалидной коляски с комбинированной энергоустановкой включающей емкостный накопитель.;проф., к.т.н.;1080000
97;28;Ф;;Гончаров С.А.;29.19.35;Физико-химические основы создания энергонезависимых запоминающих устройств на сегнетоэлектрических материалах;зав.лаб.к.ф.-м.н.;1200000
97;29;П;;Картозия Б.А.;67.15.33;Разработка технологии строительных материалов на основе модифицированной негашеной извести.;д.т.н., проф.;1440000
97;30;Ф;;Сидоров Е.Е.;61.53.99;Разработка технологии комплексной переработки углей Сибири.;з/каф.,проф., дхн;1020000
97;31;Ф;;Ушаков К.З.;06.35.01;Инфляция и антиинфляционная политика России.;профессор,д.э.н.;840000
97;32;П;;Сластунов С.В.;55.21.19;Разработка экологически чистых технологий упрочнения деталей, работающих в экстремальных условиях.;доц.ктн;690000
97;33;Р;;Каркашадзе Г.Г.;55.43.13,55.15.23;Разработка модульной технологии получения тормозных дисков ВАЗ 2108 с улучшенными механическими и эксплуатационными свойствами.;доцент,к.т.н.;728640
97;34;Ф;;Каркашадзе Г.Г.;29.27.43,31.15.29;Теплофизические пpоцессы в плазменных технологических системах;пpоф.,д.т.н.;930000
97;35;П;;Дмитриев А.П.;"30.19.51;50.51.17";Теория и методы исследований предельных состояний тонкостенных конструкций и стержневых систем;д.т.н., проф.;1080000
97;36;П;;Ястребинский М.А.;55.43.13,55.15.09;Исследование деформационной способности разовой литейной формы,разработка,изготовление и отладка прибора для определения модуля деформации уплотненных формовочных смесей.;проф.д.т.н.;720000
97;37;Ф;;Астахов А.В.;67.15.33,44.09.29;Принципы энергосбережения в технологии вяжущих веществ и других материалов строительной и металлургической отраслей.;д.т.н., проф.;900000
97;38;Ф;;Протасов Ю.И.;"29.31.29;59.41.71";Разработка оптоэлектронных методов и средств диагностики состояния многопараметрических систем и процессов;д.ф.-м.н., проф.;720000
97;39;Ф;;Дмитриев А.П.;31.21.19;Кислородсодержащие органические соединения. Методы получения, изучение превращений и областей применения.;доцент, к.х.н.;1200000
97;40;П;;Федунец Н.И.;55.31.35;Разработка методов повышения ресурса алмазных инструментов на основе исследования механизма их износа и металлизаци алмазного сырья.;к.т.н.;1380000
97;41;П;;Васючков Ю.Ф.;59.35.33;Разработка новых высокоэффективных технологий и технических средств измерения пористости и проницаемости материалов.;зав.каф.проф.дтн;844920
97;42;Ф;;Бубис Ю.В.;38.17.15;Разработка методологии и методики составления структурно-тектонических карт докембрийских областей с применением компьютерных технологий.;д.г.-м.н., проф.;925560
97;43;Р;;Тарасенко В.П.;31.25.19;Теплостойкие конструкционные олигомеры и полимеры,содержащие фрагменты ароматических олигоэфиров;д.х.н.,доцент;816000
99;Л1;П;;Быстров Н.В.;31.25.15,65.13.13;Разработка пористых структур на основе высокомолекулярных соединений с заданными адсорбционными свойствами для осветления технологических жидкостей;профессор,д.т.н.;606000
99;Л2;Ф;;Архипов А.И.;29.19.05;Исследование структуры и молекулярной подвижности в реакционно-способных олигомерах и композиционных полимерных материалах на их основе, в т.ч. промышленных полимерных мембран;дхн,профессор;720000
99;Л3;Ф;;Котлярский Э.В.;52.01.91;Исследование механизма и закономерностей преобразования полиминеральных систем при физической и физико-химической обработке твердых минеральных отходов с оценкой их пригодности к переработке и компл. использов;д.т.н.,проф.;864600
99;Л5;П;;Паписов И.М.;67.03.03.;История архитектурного образования;дир.музея,к.арх.;780000
